transcript_id,transcript_position,n_reads,probability_modified,kmer,mod_ratio
cc6m_2244_T7_ecorv,59,943,0.0266392845660448,AAACC,0.0031813361611877
cc6m_2244_T7_ecorv,66,840,0.3055125176906586,GGACC,0.1285714285714286
cc6m_2244_T7_ecorv,102,980,0.3307847380638123,GGACT,0.1581632653061225
cc6m_2244_T7_ecorv,123,820,0.4090069532394409,GGACC,0.1621951219512195
cc6m_2244_T7_ecorv,175,937,0.0914390832185745,AGACT,0.0362860192102455
cc6m_2244_T7_ecorv,186,968,0.0486298315227032,TAACT,0.0123966942148760
cc6m_2244_T7_ecorv,259,958,0.0334210284054279,AAACA,0.0020876826722338
cc6m_2244_T7_ecorv,268,903,0.0088029764592648,TAACA,0.0000000000000000
cc6m_2244_T7_ecorv,294,908,0.0376057587563992,TAACA,0.0044052863436123
cc6m_2244_T7_ecorv,354,964,0.3675642013549805,GAACA,0.1358921161825726
cc6m_2244_T7_ecorv,415,923,0.0089677721261978,TAACA,0.0010834236186349
cc6m_2244_T7_ecorv,512,872,0.0489953532814980,TAACA,0.0045871559633028
cc6m_2244_T7_ecorv,687,752,0.4928731620311737,GGACT,0.2779255319148936
cc6m_2244_T7_ecorv,792,749,0.0217065755277872,AAACC,0.0026702269692924
cc6m_2244_T7_ecorv,854,683,0.0735283270478249,AGACA,0.0161054172767204
cc6m_2244_T7_ecorv,951,738,0.0784129872918129,AGACT,0.0257452574525745
cc6m_2244_T7_ecorv,1111,736,0.2918285727500916,GAACA,0.1250000000000000
cc6m_2244_T7_ecorv,1145,672,0.0131206577643752,AAACC,0.0000000000000000
cc6m_2244_T7_ecorv,1213,608,0.0819303244352341,GGACA,0.0263157894736842
cc6m_2244_T7_ecorv,1218,734,0.1702888607978821,TAACT,0.0367847411444142
cc6m_2244_T7_ecorv,1227,704,0.0280588585883379,AGACA,0.0056818181818182
cc6m_2244_T7_ecorv,1247,674,0.2290221750736237,GGACA,0.0830860534124629
cc6m_2244_T7_ecorv,1264,697,0.3245033025741577,GAACC,0.1750358680057389
cc6m_2244_T7_ecorv,1373,666,0.2988733053207397,GAACC,0.1381381381381381
cc6m_2244_T7_ecorv,1386,655,0.5852280855178833,GGACT,0.3603053435114504
cc6m_2244_T7_ecorv,1503,643,0.2255985438823700,TGACC,0.0793157076205288
cc6m_2244_T7_ecorv,1526,583,0.1119609400629997,TGACA,0.0634648370497427
cc6m_2244_T7_ecorv,1552,670,0.0737570002675056,TAACT,0.0208955223880597
cc6m_2244_T7_ecorv,1612,638,0.0269651561975479,AAACA,0.0078369905956113
cc6m_2244_T7_ecorv,1694,614,0.0193375088274479,AAACC,0.0016286644951140
cc6m_2244_T7_ecorv,1851,622,0.1759098768234253,GGACC,0.0836012861736334
cc6m_2244_T7_ecorv,1965,626,0.2618278563022614,GGACT,0.1230031948881789
cc6m_2244_T7_ecorv,1983,565,0.4355906844139099,GAACC,0.2336283185840708
cc6m_2244_T7_ecorv,1998,591,0.0177012439817190,AGACA,0.0016920473773266
cc6m_2244_T7_ecorv,2030,629,0.0048634950071573,TAACC,0.0000000000000000
cc6m_2244_T7_ecorv,2128,541,0.1734807938337326,TGACC,0.0831792975970425
cc6m_2244_T7_ecorv,2230,488,0.0545239001512527,AAACA,0.0081967213114754
cc6m_2459_T7_ecorv,139,818,0.2723791301250458,GGACC,0.1344743276283619
cc6m_2459_T7_ecorv,171,915,0.0839554294943810,AGACT,0.0284153005464481
cc6m_2459_T7_ecorv,206,955,0.2591630816459656,TAACT,0.1256544502617801
cc6m_2459_T7_ecorv,333,927,0.2791126072406769,GGACT,0.1391585760517799
cc6m_2459_T7_ecorv,338,951,0.0045238104648888,TAACA,0.0000000000000000
cc6m_2459_T7_ecorv,374,919,0.0009238635539077,TAACC,0.0000000000000000
cc6m_2459_T7_ecorv,419,819,0.0640424042940140,AAACA,0.0183150183150183
cc6m_2459_T7_ecorv,431,864,0.0436469055712223,TAACT,0.0115740740740741
cc6m_2459_T7_ecorv,486,716,0.3806638121604919,GGACA,0.1662011173184358
cc6m_2459_T7_ecorv,496,740,0.3173068463802338,GGACC,0.1608108108108108
cc6m_2459_T7_ecorv,565,794,0.0514346808195114,TGACA,0.0138539042821159
cc6m_2459_T7_ecorv,589,802,0.0154745578765869,TAACA,0.0012468827930175
cc6m_2459_T7_ecorv,641,785,0.1537020504474640,TAACT,0.0407643312101911
cc6m_2459_T7_ecorv,647,712,0.1166840493679047,AAACT,0.0421348314606742
cc6m_2459_T7_ecorv,787,645,0.3075999021530151,GGACC,0.1348837209302326
cc6m_2459_T7_ecorv,823,715,0.2776002883911133,GGACT,0.1314685314685315
cc6m_2459_T7_ecorv,885,677,0.0334221199154854,AAACC,0.0029542097488922
cc6m_2459_T7_ecorv,896,679,0.1198835596442223,AGACT,0.0441826215022091
cc6m_2459_T7_ecorv,907,614,0.0296988654881716,TAACT,0.0032573289902280
cc6m_2459_T7_ecorv,975,660,0.0118077145889401,AAACA,0.0030303030303030
cc6m_2459_T7_ecorv,984,661,0.3500241041183472,GAACA,0.1830559757942511
cc6m_2459_T7_ecorv,1010,637,0.0416512526571751,TAACA,0.0062794348508634
cc6m_2459_T7_ecorv,1067,644,0.2930620610713959,GAACC,0.1180124223602484
cc6m_2459_T7_ecorv,1100,594,0.0064031449146569,TAACA,0.0000000000000000
cc6m_2459_T7_ecorv,1128,631,0.0610881075263023,TAACA,0.0126782884310618
cc6m_2459_T7_ecorv,1224,528,0.2248144000768661,GAACA,0.1041666666666667
cc6m_2459_T7_ecorv,1228,517,0.0901363044977188,AGACC,0.0212765957446809
cc6m_2459_T7_ecorv,1396,565,0.2869734168052673,TGACT,0.1557522123893805
cc6m_2459_T7_ecorv,1557,548,0.0694562867283821,AGACC,0.0145985401459854
cc6m_2459_T7_ecorv,1663,539,0.3033722043037415,GAACT,0.1150278293135436
cc6m_2459_T7_ecorv,1671,565,0.0349144972860813,TAACT,0.0053097345132743
cc6m_2459_T7_ecorv,1700,542,0.3740015029907227,GGACT,0.1992619926199262
cc6m_2459_T7_ecorv,1708,518,0.2908127605915070,AGACT,0.1293436293436293
cc6m_2459_T7_ecorv,1790,546,0.3705260455608368,GGACC,0.1978021978021978
cc6m_2459_T7_ecorv,1798,549,0.2601906955242157,GAACA,0.1092896174863388
cc6m_2459_T7_ecorv,1897,492,0.2216848582029343,GAACC,0.0670731707317073
cc6m_2459_T7_ecorv,1905,520,0.0373317897319794,AGACT,0.0076923076923077
cc6m_2459_T7_ecorv,1927,528,0.0294529143720865,AAACA,0.0056818181818182
cc6m_2459_T7_ecorv,2033,474,0.0630166903138161,AGACA,0.0147679324894515
cc6m_2459_T7_ecorv,2039,514,0.1960411071777344,GAACC,0.0603112840466926
cc6m_2459_T7_ecorv,2071,504,0.2102913856506348,AAACT,0.0773809523809524
cc6m_2459_T7_ecorv,2076,451,0.8460517525672913,GAACT,0.4146341463414634
cc6m_2459_T7_ecorv,2142,466,0.0346750952303410,TGACA,0.0064377682403433
cc6m_2459_T7_ecorv,2158,496,0.3703281283378601,GGACA,0.1471774193548387
cc6m_2459_T7_ecorv,2204,370,0.3744976520538330,AGACA,0.1351351351351351
cc6m_2459_T7_ecorv,2433,422,0.0739347413182259,TGACA,0.0331753554502370
cc6m_2459_T7_ecorv,2476,397,0.0830727294087410,AGACA,0.0201511335012594
cc6m_2595_T7_ecorv,60,687,0.0009929334046319,TAACC,0.0000000000000000
cc6m_2595_T7_ecorv,119,727,0.0005235477583483,TAACC,0.0000000000000000
cc6m_2595_T7_ecorv,143,690,0.4317660629749298,AGACT,0.2521739130434782
cc6m_2595_T7_ecorv,390,792,0.4432890117168427,TAACT,0.2474747474747475
cc6m_2595_T7_ecorv,399,683,0.5737151503562927,GGACT,0.3177159590043924
cc6m_2595_T7_ecorv,438,625,0.2694497406482697,GGACC,0.1248000000000000
cc6m_2595_T7_ecorv,476,733,0.1620297580957413,TGACC,0.0709413369713506
cc6m_2595_T7_ecorv,490,759,0.0206104330718517,AAACC,0.0026350461133070
cc6m_2595_T7_ecorv,567,725,0.0261091049760580,TAACA,0.0041379310344828
cc6m_2595_T7_ecorv,610,686,0.4407150447368622,GGACT,0.2653061224489796
cc6m_2595_T7_ecorv,636,645,0.0487870089709759,AAACT,0.0124031007751938
cc6m_2595_T7_ecorv,645,675,0.7377008795738220,GAACT,0.4029629629629630
cc6m_2595_T7_ecorv,655,605,0.0126064391806722,TAACC,0.0049586776859504
cc6m_2595_T7_ecorv,675,649,0.5620057582855225,GAACT,0.2989214175654853
cc6m_2595_T7_ecorv,723,599,0.3929584324359894,GAACC,0.2754590984974958
cc6m_2595_T7_ecorv,767,512,0.0275684129446745,AAACC,0.0078125000000000
cc6m_2595_T7_ecorv,827,502,0.2291277945041656,AGACC,0.1135458167330677
cc6m_2595_T7_ecorv,855,519,0.3375201225280762,TGACT,0.1425818882466281
cc6m_2595_T7_ecorv,878,439,0.2188810855150223,GGACC,0.0888382687927107
cc6m_2595_T7_ecorv,894,441,0.2853073179721832,TGACT,0.0975056689342404
cc6m_2595_T7_ecorv,938,461,0.2156611979007721,AAACT,0.0694143167028200
cc6m_2595_T7_ecorv,1076,339,0.1422816812992096,AGACC,0.0294985250737463
cc6m_2595_T7_ecorv,1102,395,0.0178554803133011,AAACA,0.0050632911392405
cc6m_2595_T7_ecorv,1275,334,0.2586915194988251,TGACT,0.1407185628742515
cc6m_2595_T7_ecorv,1330,333,0.0197031460702419,GAACA,0.0060060060060060
cc6m_2595_T7_ecorv,1370,294,0.4854429662227631,GGACT,0.3129251700680272
cc6m_2595_T7_ecorv,1387,332,0.5228687524795532,GAACT,0.2439759036144578
cc6m_2595_T7_ecorv,1399,321,0.0040901238098741,TAACC,0.0031152647975078
cc6m_2595_T7_ecorv,1451,260,0.2359083890914917,GGACC,0.1115384615384615
cc6m_2595_T7_ecorv,1495,300,0.6877048015594482,GAACT,0.4000000000000000
cc6m_2595_T7_ecorv,1542,271,0.2736632823944092,TGACT,0.1512915129151292
cc6m_2595_T7_ecorv,1652,196,0.1816209405660629,TGACT,0.0867346938775510
cc6m_2595_T7_ecorv,1687,185,0.2445430308580399,GAACC,0.0972972972972973
cc6m_2595_T7_ecorv,1721,175,0.0898619815707207,AGACA,0.0228571428571429
cc6m_2595_T7_ecorv,1735,160,0.0413499064743519,AGACA,0.0125000000000000
cc6m_2595_T7_ecorv,1739,138,0.0976460576057434,AGACT,0.0289855072463768
cc6m_2595_T7_ecorv,1789,166,0.2555540502071381,GGACC,0.1204819277108434
cc6m_2595_T7_ecorv,1797,184,0.0393989942967892,TAACA,0.0108695652173913
cc6m_2595_T7_ecorv,1867,180,0.3671751022338867,GGACT,0.1833333333333333
cc6m_2595_T7_ecorv,1994,162,0.0575747564435005,TGACA,0.0123456790123457
cc6m_2595_T7_ecorv,2045,84,0.5176463127136230,GGACC,0.2500000000000000
cc6m_2595_T7_ecorv,2078,134,0.2205034792423248,AGACT,0.1194029850746269
cc6m_2595_T7_ecorv,2203,159,0.0005479062674567,TAACC,0.0000000000000000
cc6m_2595_T7_ecorv,2242,135,0.0940188467502594,AAACT,0.0296296296296296
cc6m_2595_T7_ecorv,2331,154,0.0009390297345817,TAACC,0.0000000000000000
cc6m_2595_T7_ecorv,2336,145,0.1172911524772644,AGACC,0.0344827586206897
cc6m_2595_T7_ecorv,2367,151,0.0278677027672529,TGACA,0.0066225165562914
cc6m_2595_T7_ecorv,2381,142,0.1612976640462875,GAACA,0.0633802816901408
cc6m_2595_T7_ecorv,2453,135,0.0196016505360603,TAACA,0.0000000000000000
cc6m_2595_T7_ecorv,2605,64,0.6399400830268860,GGACT,0.4375000000000000
cc6m_2709_T7_ecorv,73,929,0.0185773428529501,AAACC,0.0010764262648009
cc6m_2709_T7_ecorv,83,927,0.1593938469886780,AAACT,0.0517799352750809
cc6m_2709_T7_ecorv,91,882,0.3303972482681274,GGACC,0.1643990929705215
cc6m_2709_T7_ecorv,107,938,0.1761875599622726,AGACT,0.0799573560767591
cc6m_2709_T7_ecorv,184,900,0.1639872938394547,TGACT,0.0555555555555556
cc6m_2709_T7_ecorv,276,924,0.0365772359073162,AAACA,0.0054112554112554
cc6m_2709_T7_ecorv,337,741,0.2147334218025208,GGACA,0.0620782726045884
cc6m_2709_T7_ecorv,392,762,0.1761026829481125,GGACA,0.0669291338582677
cc6m_2709_T7_ecorv,399,393,0.9929063916206360,GGACA,0.8040712468193384
cc6m_2709_T7_ecorv,418,809,0.2335652559995651,GAACC,0.0716934487021014
cc6m_2709_T7_ecorv,425,661,0.5507109761238098,TGACT,0.2662632375189107
cc6m_2709_T7_ecorv,446,773,0.0291529018431902,AAACA,0.0064683053040103
cc6m_2709_T7_ecorv,452,789,0.1927101165056229,AGACA,0.0836501901140684
cc6m_2709_T7_ecorv,483,790,0.0006711757159792,TAACC,0.0000000000000000
cc6m_2709_T7_ecorv,555,661,0.2243479341268539,TGACT,0.1028744326777610
cc6m_2709_T7_ecorv,579,652,0.6489177942276001,GAACC,0.3880368098159509
cc6m_2709_T7_ecorv,653,585,0.0260170362889767,AAACC,0.0000000000000000
cc6m_2709_T7_ecorv,782,540,0.3962521851062775,AAACT,0.2370370370370370
cc6m_2709_T7_ecorv,927,423,0.5527092218399048,GAACA,0.2553191489361702
cc6m_2709_T7_ecorv,933,442,0.0301810111850500,TAACT,0.0045248868778281
cc6m_2709_T7_ecorv,967,394,0.0694495067000389,GGACA,0.0177664974619289
cc6m_2709_T7_ecorv,994,365,0.0993966087698936,AGACA,0.0273972602739726
cc6m_2709_T7_ecorv,1116,403,0.0556426234543324,TAACT,0.0198511166253102
cc6m_2709_T7_ecorv,1154,379,0.3103912770748138,AGACT,0.1503957783641161
cc6m_2709_T7_ecorv,1176,355,0.2996997237205505,GAACA,0.1352112676056338
cc6m_2709_T7_ecorv,1235,398,0.0324117355048656,TAACA,0.0000000000000000
cc6m_2709_T7_ecorv,1246,379,0.2904681265354156,TGACT,0.1372031662269129
cc6m_2709_T7_ecorv,1383,307,0.1102952286601067,AGACA,0.0456026058631922
cc6m_2709_T7_ecorv,1401,367,0.1293368488550186,TAACT,0.0463215258855586
cc6m_2709_T7_ecorv,1467,339,0.1815004050731659,AGACA,0.0707964601769911
cc6m_2709_T7_ecorv,1513,340,0.3310865759849548,GGACC,0.1705882352941177
cc6m_2709_T7_ecorv,1550,330,0.2981205284595490,GAACA,0.1727272727272727
cc6m_2709_T7_ecorv,1603,308,0.0762727037072182,AGACA,0.0194805194805195
cc6m_2709_T7_ecorv,1628,343,0.3917030394077301,AAACT,0.2011661807580175
cc6m_2709_T7_ecorv,1640,330,0.0901272073388100,TGACC,0.0393939393939394
cc6m_2709_T7_ecorv,1662,317,0.0731499418616295,TGACA,0.0157728706624606
cc6m_2709_T7_ecorv,1677,327,0.6928430795669556,GAACT,0.4556574923547401
cc6m_2709_T7_ecorv,1840,315,0.0050203790888190,TAACC,0.0000000000000000
cc6m_2709_T7_ecorv,1857,304,0.2717726528644562,GAACA,0.1052631578947368
cc6m_2709_T7_ecorv,1865,285,0.5332690477371216,GGACT,0.2561403508771930
cc6m_2709_T7_ecorv,1879,305,0.1897510141134262,GGACA,0.0688524590163934
cc6m_2709_T7_ecorv,1936,278,0.0084511507302523,TGACA,0.0000000000000000
