,transcript,position,motif,coverage,probability,m6a,ratio
0,IVT_seq_10_2194,1018,TGACT,4352,0.316,no,0.3070000112056732
1,IVT_seq_10_2194,1038,AAACC,4358,0.982,yes,0.39500001072883606
2,IVT_seq_10_2194,1098,TAACT,4388,0.468,no,0.39800000190734863
3,IVT_seq_10_2194,1178,AGACT,4417,0.944,yes,0.3050000071525574
4,IVT_seq_10_2194,1182,TGACT,4420,0.916,yes,0.49300000071525574
5,IVT_seq_10_2194,1232,GGACT,4455,0.875,no,0.48100000619888306
6,IVT_seq_10_2194,1271,AAACT,4481,0.969,yes,0.3659999966621399
7,IVT_seq_10_2194,1289,TGACA,4499,0.913,yes,0.40400001406669617
8,IVT_seq_10_2194,1313,TGACA,4537,0.353,no,0.335999995470047
9,IVT_seq_10_2194,134,AGACA,3637,0.774,no,0.22499999403953552
10,IVT_seq_10_2194,1483,AAACA,4698,0.65,no,0.34599998593330383
11,IVT_seq_10_2194,1487,AGACT,4699,0.946,yes,0.24899999797344208
12,IVT_seq_10_2194,1494,AAACT,4693,0.832,no,0.48500001430511475
13,IVT_seq_10_2194,1531,TGACC,4725,0.937,yes,0.5099999904632568
14,IVT_seq_10_2194,1552,AGACT,4738,0.941,yes,0.3540000021457672
15,IVT_seq_10_2194,1628,TAACC,4793,0.996,yes,0.8679999709129333
16,IVT_seq_10_2194,1651,AAACC,4799,0.966,yes,0.3919999897480011
17,IVT_seq_10_2194,1736,AAACA,4751,0.975,yes,0.5339999794960022
18,IVT_seq_10_2194,1781,TGACC,4719,0.911,yes,0.6539999842643738
19,IVT_seq_10_2194,1790,GGACA,4714,0.96,yes,0.43799999356269836
20,IVT_seq_10_2194,185,GGACA,3745,0.889,no,0.36899998784065247
21,IVT_seq_10_2194,1880,GAACC,4604,0.99,yes,0.39899998903274536
22,IVT_seq_10_2194,1928,AAACT,4541,0.991,yes,0.3370000123977661
23,IVT_seq_10_2194,1947,GGACC,4528,0.993,yes,0.6449999809265137
24,IVT_seq_10_2194,211,TGACC,3791,0.978,yes,0.7129999995231628
25,IVT_seq_10_2194,2159,AAACT,3728,0.88,no,0.34700000286102295
26,IVT_seq_10_2194,217,GGACC,3802,0.952,yes,0.6299999952316284
27,IVT_seq_10_2194,298,TGACC,3955,0.897,no,0.550000011920929
28,IVT_seq_10_2194,306,GAACC,3962,0.997,yes,0.5
29,IVT_seq_10_2194,331,AGACT,4013,0.616,no,0.31299999356269836
30,IVT_seq_10_2194,336,GAACC,4018,0.978,yes,0.3070000112056732
31,IVT_seq_10_2194,502,GGACT,4274,0.819,no,0.42899999022483826
32,IVT_seq_10_2194,510,TGACC,4271,0.974,yes,0.6629999876022339
33,IVT_seq_10_2194,520,TGACA,4274,0.972,yes,0.49399998784065247
34,IVT_seq_10_2194,570,TGACT,4248,0.908,yes,0.5099999904632568
35,IVT_seq_10_2194,59,GGACC,3460,0.995,yes,0.5379999876022339
36,IVT_seq_10_2194,603,GGACA,4268,0.99,yes,0.5419999957084656
37,IVT_seq_10_2194,637,AGACC,4275,0.997,yes,0.46700000762939453
38,IVT_seq_10_2194,643,GGACT,4282,0.665,no,0.48899999260902405
39,IVT_seq_10_2194,668,AAACC,4257,0.999,yes,0.4749999940395355
40,IVT_seq_10_2194,689,AGACT,4281,0.896,no,0.30399999022483826
41,IVT_seq_10_2194,69,AGACA,3503,0.92,yes,0.23999999463558197
42,IVT_seq_10_2194,727,TGACT,4297,0.896,no,0.3840000033378601
43,IVT_seq_10_2194,79,GGACT,3533,0.973,yes,0.5199999809265137
44,IVT_seq_10_2194,911,TGACT,4297,0.358,no,0.3070000112056732
45,IVT_seq_10_2194,925,AAACC,4281,0.997,yes,0.5899999737739563
46,IVT_seq_11_2192,1039,TAACA,3365,0.922,yes,0.46299999952316284
47,IVT_seq_11_2192,1048,GAACT,3377,0.392,no,0.2240000069141388
48,IVT_seq_11_2192,1104,GGACA,3409,0.966,yes,0.46799999475479126
49,IVT_seq_11_2192,114,TGACC,2687,0.988,yes,0.6859999895095825
50,IVT_seq_11_2192,1170,GAACC,3434,0.915,yes,0.2930000126361847
51,IVT_seq_11_2192,1242,GGACA,3476,0.991,yes,0.5609999895095825
52,IVT_seq_11_2192,1253,AGACT,3473,0.949,yes,0.3149999976158142
53,IVT_seq_11_2192,1290,GAACA,3514,0.965,yes,0.36500000953674316
54,IVT_seq_11_2192,1446,GGACT,3574,0.873,no,0.5230000019073486
55,IVT_seq_11_2192,147,TAACA,2742,0.943,yes,0.5540000200271606
56,IVT_seq_11_2192,1656,GAACT,3701,0.549,no,0.24300000071525574
57,IVT_seq_11_2192,1707,TAACA,3703,0.995,yes,0.6119999885559082
58,IVT_seq_11_2192,1714,GGACC,3699,0.935,yes,0.40400001406669617
59,IVT_seq_11_2192,1758,GGACT,3678,0.853,no,0.32499998807907104
60,IVT_seq_11_2192,1795,TAACA,3650,0.964,yes,0.5609999895095825
61,IVT_seq_11_2192,186,GGACA,2805,0.984,yes,0.5289999842643738
62,IVT_seq_11_2192,1872,TGACC,3591,0.921,yes,0.5519999861717224
63,IVT_seq_11_2192,1884,GAACT,3583,0.284,no,0.210999995470047
64,IVT_seq_11_2192,1929,GAACT,3548,0.996,yes,0.38199999928474426
65,IVT_seq_11_2192,2010,GAACC,3488,0.599,no,0.32199999690055847
66,IVT_seq_11_2192,2028,AGACT,3469,0.95,yes,0.2770000100135803
67,IVT_seq_11_2192,2069,AAACA,3412,0.974,yes,0.7289999723434448
68,IVT_seq_11_2192,212,TAACT,2834,0.963,yes,0.652999997138977
69,IVT_seq_11_2192,2136,AGACC,3198,0.98,yes,0.3490000069141388
70,IVT_seq_11_2192,219,AAACC,2840,0.997,yes,0.34299999475479126
71,IVT_seq_11_2192,296,TAACT,2919,0.99,yes,0.7110000252723694
72,IVT_seq_11_2192,318,TGACT,2958,0.864,no,0.5540000200271606
73,IVT_seq_11_2192,339,GAACA,2981,0.708,no,0.3330000042915344
74,IVT_seq_11_2192,357,TAACT,2995,0.616,no,0.5230000019073486
75,IVT_seq_11_2192,53,AGACC,2475,0.988,yes,0.28600001335144043
76,IVT_seq_11_2192,535,TGACC,3203,0.972,yes,0.515999972820282
77,IVT_seq_11_2192,546,TAACA,3197,0.916,yes,0.5130000114440918
78,IVT_seq_11_2192,611,TGACC,3221,0.841,no,0.6230000257492065
79,IVT_seq_11_2192,675,GGACA,3237,0.997,yes,0.5299999713897705
80,IVT_seq_11_2192,84,TGACT,2632,0.735,no,0.38999998569488525
81,IVT_seq_11_2192,842,AGACA,3290,0.98,yes,0.3790000081062317
82,IVT_seq_11_2192,859,TGACT,3285,0.872,no,0.6019999980926514
83,IVT_seq_11_2192,864,GAACA,3286,0.985,yes,0.42899999022483826
84,IVT_seq_11_2192,869,GAACT,3288,0.274,no,0.20200000703334808
85,IVT_seq_11_2192,900,GAACT,3292,0.876,no,0.2800000011920929
86,IVT_seq_11_2192,917,GGACT,3301,0.918,yes,0.5789999961853027
87,IVT_seq_11_2192,925,GAACT,3307,0.622,no,0.328000009059906
88,IVT_seq_11_2192,951,GGACC,3320,0.983,yes,0.6909999847412109
89,IVT_seq_11_2192,960,TAACA,3307,0.999,yes,0.6470000147819519
90,IVT_seq_11_2192,993,GAACA,3311,0.997,yes,0.42899999022483826
91,IVT_seq_12_2193,1022,TAACC,3411,0.603,no,0.5460000038146973
92,IVT_seq_12_2193,1028,GAACC,3411,0.978,yes,0.33399999141693115
93,IVT_seq_12_2193,103,TGACA,2769,0.954,yes,0.5910000205039978
94,IVT_seq_12_2193,1068,GAACA,3411,0.979,yes,0.31700000166893005
95,IVT_seq_12_2193,1103,AAACT,3471,0.181,no,0.20499999821186066
96,IVT_seq_12_2193,1116,AGACT,3491,0.931,yes,0.27300000190734863
97,IVT_seq_12_2193,1136,AAACC,3502,0.998,yes,0.5630000233650208
98,IVT_seq_12_2193,1193,TAACC,3521,0.963,yes,0.722000002861023
99,IVT_seq_12_2193,1242,GAACT,3575,0.647,no,0.20399999618530273
100,IVT_seq_12_2193,1423,GAACA,3747,0.889,no,0.3050000071525574
101,IVT_seq_12_2193,1442,GAACT,3761,0.904,yes,0.3479999899864197
102,IVT_seq_12_2193,1483,TAACC,3789,0.982,yes,0.6129999756813049
103,IVT_seq_12_2193,1497,TGACC,3787,0.926,yes,0.6169999837875366
104,IVT_seq_12_2193,1517,TAACC,3806,0.997,yes,0.7059999704360962
105,IVT_seq_12_2193,1543,GGACT,3853,0.811,no,0.3230000138282776
106,IVT_seq_12_2193,155,AAACA,2835,0.972,yes,0.5199999809265137
107,IVT_seq_12_2193,1555,GGACC,3856,0.995,yes,0.5370000004768372
108,IVT_seq_12_2193,1608,TAACA,3872,0.913,yes,0.4410000145435333
109,IVT_seq_12_2193,1649,AGACA,3896,0.866,no,0.2680000066757202
110,IVT_seq_12_2193,1759,GAACC,3840,0.621,no,0.32199999690055847
111,IVT_seq_12_2193,1769,GGACA,3833,0.94,yes,0.4740000069141388
112,IVT_seq_12_2193,1809,AAACC,3784,0.987,yes,0.32600000500679016
113,IVT_seq_12_2193,1819,TGACA,3776,0.913,yes,0.8450000286102295
114,IVT_seq_12_2193,1986,AGACT,3663,0.831,no,0.19599999487400055
115,IVT_seq_12_2193,204,TGACC,2905,0.932,yes,0.5379999876022339
116,IVT_seq_12_2193,2088,TGACC,3537,0.966,yes,0.5879999995231628
117,IVT_seq_12_2193,2096,GGACC,3529,0.989,yes,0.6809999942779541
118,IVT_seq_12_2193,2189,TGACC,1937,0.937,yes,0.6230000257492065
119,IVT_seq_12_2193,235,AGACT,2956,0.974,yes,0.36399999260902405
120,IVT_seq_12_2193,335,AGACT,3090,0.933,yes,0.289000004529953
121,IVT_seq_12_2193,400,AAACA,3159,0.967,yes,0.5730000138282776
122,IVT_seq_12_2193,470,GAACC,3246,0.734,no,0.3619999885559082
123,IVT_seq_12_2193,521,AAACT,3270,0.784,no,0.4050000011920929
124,IVT_seq_12_2193,558,AGACC,3298,0.998,yes,0.4050000011920929
125,IVT_seq_12_2193,565,GAACT,3301,0.67,no,0.289000004529953
126,IVT_seq_12_2193,57,AGACT,2712,0.115,no,0.18000000715255737
127,IVT_seq_12_2193,672,AAACC,3281,0.994,yes,0.35100001096725464
128,IVT_seq_12_2193,677,TAACA,3286,0.707,no,0.597000002861023
129,IVT_seq_12_2193,682,GAACC,3288,0.825,no,0.3310000002384186
130,IVT_seq_12_2193,715,AGACA,3297,0.951,yes,0.42899999022483826
131,IVT_seq_12_2193,741,AAACA,3292,0.964,yes,0.503000020980835
132,IVT_seq_12_2193,783,AAACC,3287,0.99,yes,0.628000020980835
133,IVT_seq_12_2193,843,GGACC,3327,0.928,yes,0.4390000104904175
134,IVT_seq_12_2193,85,GGACT,2755,0.742,no,0.3499999940395355
135,IVT_seq_12_2193,879,AGACC,3336,0.962,yes,0.3050000071525574
136,IVT_seq_12_2193,912,AAACT,3328,0.59,no,0.31200000643730164
137,IVT_seq_12_2193,926,AGACC,3337,0.972,yes,0.31299999356269836
138,IVT_seq_12_2193,982,GGACA,3364,0.959,yes,0.4129999876022339
139,IVT_seq_1_2202,1002,AGACA,2170,0.994,yes,0.26499998569488525
140,IVT_seq_1_2202,1025,GAACC,2182,0.89,no,0.3930000066757202
141,IVT_seq_1_2202,1156,TGACC,2198,0.987,yes,0.6039999723434448
142,IVT_seq_1_2202,1172,TGACT,2202,0.945,yes,0.5350000262260437
143,IVT_seq_1_2202,120,AGACA,1783,0.986,yes,0.27799999713897705
144,IVT_seq_1_2202,1239,GAACA,2195,0.993,yes,0.503000020980835
145,IVT_seq_1_2202,1257,TGACA,2200,0.831,no,0.5879999995231628
146,IVT_seq_1_2202,1336,TGACA,2188,0.946,yes,0.4339999854564667
147,IVT_seq_1_2202,1349,GAACT,2184,0.947,yes,0.3869999945163727
148,IVT_seq_1_2202,1353,TAACT,2183,0.926,yes,0.5320000052452087
149,IVT_seq_1_2202,1402,AAACA,2196,0.876,no,0.46799999475479126
150,IVT_seq_1_2202,1414,GAACC,2213,0.152,no,0.20600000023841858
151,IVT_seq_1_2202,1423,AGACT,2227,0.795,no,0.20600000023841858
152,IVT_seq_1_2202,1467,TAACA,2254,0.91,yes,0.6100000143051147
153,IVT_seq_1_2202,1522,TAACA,2260,0.869,no,0.5389999747276306
154,IVT_seq_1_2202,1564,AAACA,2298,0.928,yes,0.44600000977516174
155,IVT_seq_1_2202,1569,GAACT,2300,0.236,no,0.17499999701976776
156,IVT_seq_1_2202,162,GGACT,1826,0.88,no,0.47999998927116394
157,IVT_seq_1_2202,1629,GGACA,2294,0.988,yes,0.5120000243186951
158,IVT_seq_1_2202,1666,GGACA,2309,0.968,yes,0.37599998712539673
159,IVT_seq_1_2202,171,TGACC,1837,0.581,no,0.3330000042915344
160,IVT_seq_1_2202,1761,AGACA,2290,0.983,yes,0.38499999046325684
161,IVT_seq_1_2202,1879,GAACC,2233,0.757,no,0.3869999945163727
162,IVT_seq_1_2202,1887,TGACT,2231,0.364,no,0.32499998807907104
163,IVT_seq_1_2202,1912,TAACC,2217,0.909,yes,0.6669999957084656
164,IVT_seq_1_2202,204,GGACC,1861,0.981,yes,0.578000009059906
165,IVT_seq_1_2202,214,GAACC,1871,0.931,yes,0.38499999046325684
166,IVT_seq_1_2202,2157,GAACC,1969,0.314,no,0.24300000071525574
167,IVT_seq_1_2202,2178,GAACT,1784,0.85,no,0.28600001335144043
168,IVT_seq_1_2202,263,TGACA,1898,0.95,yes,0.5120000243186951
169,IVT_seq_1_2202,298,GAACA,1938,0.997,yes,0.3269999921321869
170,IVT_seq_1_2202,328,GAACT,1989,0.982,yes,0.46799999475479126
171,IVT_seq_1_2202,359,TGACC,2017,0.882,no,0.4569999873638153
172,IVT_seq_1_2202,367,GGACC,2025,0.866,no,0.4020000100135803
173,IVT_seq_1_2202,375,AAACA,2032,0.877,no,0.42899999022483826
174,IVT_seq_1_2202,424,AAACA,2070,0.63,no,0.32499998807907104
175,IVT_seq_1_2202,501,GGACC,2158,0.962,yes,0.4099999964237213
176,IVT_seq_1_2202,530,GGACC,2163,0.773,no,0.3569999933242798
177,IVT_seq_1_2202,566,GAACC,2161,0.329,no,0.2460000067949295
178,IVT_seq_1_2202,591,TAACA,2144,0.972,yes,0.6639999747276306
179,IVT_seq_1_2202,599,AGACT,2142,0.836,no,0.38999998569488525
180,IVT_seq_1_2202,64,GGACC,1732,0.986,yes,0.4779999852180481
181,IVT_seq_1_2202,642,TGACA,2145,0.963,yes,0.6190000176429749
182,IVT_seq_1_2202,697,GGACT,2160,0.902,yes,0.49300000071525574
183,IVT_seq_1_2202,711,TGACT,2151,0.951,yes,0.5759999752044678
184,IVT_seq_1_2202,735,GAACC,2138,0.918,yes,0.29100000858306885
185,IVT_seq_1_2202,763,TGACC,2152,0.948,yes,0.5640000104904175
186,IVT_seq_1_2202,787,TGACT,2164,0.167,no,0.2980000078678131
187,IVT_seq_1_2202,794,GGACC,2172,0.948,yes,0.37700000405311584
188,IVT_seq_1_2202,854,GGACA,2167,0.953,yes,0.41200000047683716
189,IVT_seq_1_2202,870,GAACC,2174,0.915,yes,0.2919999957084656
190,IVT_seq_1_2202,909,AGACC,2167,0.95,yes,0.32499998807907104
191,IVT_seq_1_2202,96,AGACT,1762,0.998,yes,0.34200000762939453
192,IVT_seq_1_2202,985,TAACC,2154,0.994,yes,0.843999981880188
193,IVT_seq_2_2201,1070,TGACT,2039,0.973,yes,0.7409999966621399
194,IVT_seq_2_2201,1110,AGACA,2072,0.963,yes,0.22200000286102295
195,IVT_seq_2_2201,1230,AAACA,2080,0.877,no,0.41999998688697815
196,IVT_seq_2_2201,134,TAACT,1734,0.951,yes,0.6179999709129333
197,IVT_seq_2_2201,1352,GGACA,2137,0.981,yes,0.414000004529953
198,IVT_seq_2_2201,1377,TGACC,2136,0.917,yes,0.6019999980926514
199,IVT_seq_2_2201,1386,AGACA,2143,0.981,yes,0.22699999809265137
200,IVT_seq_2_2201,1405,GAACA,2145,0.953,yes,0.375
201,IVT_seq_2_2201,1502,AGACC,2143,0.992,yes,0.47099998593330383
202,IVT_seq_2_2201,1574,AGACA,2101,0.939,yes,0.27399998903274536
203,IVT_seq_2_2201,1646,AGACC,2131,0.914,yes,0.3319999873638153
204,IVT_seq_2_2201,1652,GGACT,2131,0.925,yes,0.40700000524520874
205,IVT_seq_2_2201,1692,GAACA,2127,0.979,yes,0.32899999618530273
206,IVT_seq_2_2201,1707,TAACC,2130,0.431,no,0.40400001406669617
207,IVT_seq_2_2201,1722,AAACC,2115,0.979,yes,0.4440000057220459
208,IVT_seq_2_2201,1758,AAACA,2103,0.934,yes,0.39800000190734863
209,IVT_seq_2_2201,1796,AGACT,2099,0.717,no,0.1899999976158142
210,IVT_seq_2_2201,1837,GGACA,2079,0.983,yes,0.4009999930858612
211,IVT_seq_2_2201,1877,TAACA,2044,0.999,yes,0.7250000238418579
212,IVT_seq_2_2201,189,GAACC,1787,0.716,no,0.289000004529953
213,IVT_seq_2_2201,1935,AGACT,2011,0.96,yes,0.28200000524520874
214,IVT_seq_2_2201,1952,TAACT,1998,0.72,no,0.38999998569488525
215,IVT_seq_2_2201,1990,GAACC,1973,0.953,yes,0.4490000009536743
216,IVT_seq_2_2201,2007,TGACA,1968,0.951,yes,0.49900001287460327
217,IVT_seq_2_2201,2079,AGACC,1933,0.854,no,0.30300000309944153
218,IVT_seq_2_2201,2167,TGACC,1575,0.955,yes,0.675000011920929
219,IVT_seq_2_2201,253,TAACC,1841,0.909,yes,0.6269999742507935
220,IVT_seq_2_2201,265,TGACA,1850,0.967,yes,0.6309999823570251
221,IVT_seq_2_2201,295,GGACC,1881,0.976,yes,0.3720000088214874
222,IVT_seq_2_2201,424,GAACC,1996,0.888,no,0.36000001430511475
223,IVT_seq_2_2201,453,GAACT,2018,0.986,yes,0.4429999887943268
224,IVT_seq_2_2201,498,GAACC,2055,0.553,no,0.3190000057220459
225,IVT_seq_2_2201,508,TAACT,2048,0.958,yes,0.6349999904632568
226,IVT_seq_2_2201,515,AAACA,2043,0.992,yes,0.6069999933242798
227,IVT_seq_2_2201,536,TAACT,2053,0.527,no,0.4000000059604645
228,IVT_seq_2_2201,540,TGACA,2051,0.92,yes,0.49399998784065247
229,IVT_seq_2_2201,566,TGACA,2054,0.987,yes,0.671999990940094
230,IVT_seq_2_2201,614,GAACC,2064,0.951,yes,0.4560000002384186
231,IVT_seq_2_2201,69,AGACA,1674,0.942,yes,0.28600001335144043
232,IVT_seq_2_2201,722,AGACC,2076,0.991,yes,0.27399998903274536
233,IVT_seq_2_2201,757,TGACC,2071,0.922,yes,0.5419999957084656
234,IVT_seq_2_2201,8,AAACA,872,0.45,no,0.3360091745853424
235,IVT_seq_2_2201,827,AGACA,2032,0.95,yes,0.3059999942779541
236,IVT_seq_2_2201,910,TAACA,2035,0.995,yes,0.699999988079071
237,IVT_seq_2_2201,919,TAACT,2037,0.85,no,0.5350000262260437
238,IVT_seq_2_2201,950,GAACC,2037,0.99,yes,0.31200000643730164
239,IVT_seq_2_2201,959,TGACA,2037,0.935,yes,0.6119999885559082
240,IVT_seq_2_2201,96,AGACA,1691,0.973,yes,0.367000013589859
241,IVT_seq_2_2201,992,AGACA,2048,0.956,yes,0.3070000112056732
242,IVT_seq_3_2199,1002,AAACT,3734,0.992,yes,0.4659999907016754
243,IVT_seq_3_2199,1050,TAACT,3748,0.278,no,0.3499999940395355
244,IVT_seq_3_2199,1126,GAACC,3844,0.903,yes,0.36000001430511475
245,IVT_seq_3_2199,1139,GAACC,3837,0.987,yes,0.48899999260902405
246,IVT_seq_3_2199,1297,AAACT,3969,0.829,no,0.38100001215934753
247,IVT_seq_3_2199,1302,AGACT,3976,0.925,yes,0.2619999945163727
248,IVT_seq_3_2199,1373,TAACA,4052,0.9,yes,0.6729999780654907
249,IVT_seq_3_2199,1388,TAACT,4058,0.968,yes,0.578000009059906
250,IVT_seq_3_2199,1453,GGACT,4110,0.912,yes,0.5419999957084656
251,IVT_seq_3_2199,1483,GGACA,4140,0.997,yes,0.5889999866485596
252,IVT_seq_3_2199,1525,TGACC,4156,0.973,yes,0.5559999942779541
253,IVT_seq_3_2199,1568,TAACT,4205,0.991,yes,0.7940000295639038
254,IVT_seq_3_2199,1580,AGACT,4216,0.97,yes,0.38199999928474426
255,IVT_seq_3_2199,1601,AGACA,4241,0.869,no,0.3100000023841858
256,IVT_seq_3_2199,1605,AAACA,4257,0.754,no,0.22499999403953552
257,IVT_seq_3_2199,1613,TGACA,4264,0.992,yes,0.5130000114440918
258,IVT_seq_3_2199,1638,AGACT,4280,0.861,no,0.2930000126361847
259,IVT_seq_3_2199,1760,GAACT,4267,0.923,yes,0.3050000071525574
260,IVT_seq_3_2199,1809,GGACC,4233,0.998,yes,0.746999979019165
261,IVT_seq_3_2199,1838,AAACC,4218,0.996,yes,0.44999998807907104
262,IVT_seq_3_2199,184,GGACA,2969,0.989,yes,0.48399999737739563
263,IVT_seq_3_2199,1847,AGACT,4213,0.676,no,0.2800000011920929
264,IVT_seq_3_2199,1858,GGACT,4211,0.831,no,0.414000004529953
265,IVT_seq_3_2199,1872,GGACA,4189,0.986,yes,0.4729999899864197
266,IVT_seq_3_2199,2026,TAACA,4056,0.997,yes,0.7950000166893005
267,IVT_seq_3_2199,2030,AGACA,4049,0.985,yes,0.3499999940395355
268,IVT_seq_3_2199,2079,GGACA,3937,0.982,yes,0.5120000243186951
269,IVT_seq_3_2199,2179,GGACA,2921,0.628,no,0.29100000858306885
270,IVT_seq_3_2199,2183,AAACA,2565,0.973,yes,0.41499999165534973
271,IVT_seq_3_2199,252,AGACT,3067,0.98,yes,0.34700000286102295
272,IVT_seq_3_2199,258,GGACT,3073,0.91,yes,0.5099999904632568
273,IVT_seq_3_2199,297,GGACC,3156,0.98,yes,0.5329999923706055
274,IVT_seq_3_2199,325,TAACC,3194,0.741,no,0.44600000977516174
275,IVT_seq_3_2199,35,GAACT,2688,0.885,no,0.2199999988079071
276,IVT_seq_3_2199,484,GAACC,3383,0.971,yes,0.38100001215934753
277,IVT_seq_3_2199,529,AAACT,3456,0.509,no,0.29899999499320984
278,IVT_seq_3_2199,559,GGACT,3452,0.705,no,0.4090000092983246
279,IVT_seq_3_2199,671,TGACT,3544,0.883,no,0.41999998688697815
280,IVT_seq_3_2199,684,TGACA,3544,0.971,yes,0.6790000200271606
281,IVT_seq_3_2199,703,AAACT,3548,0.998,yes,0.6320000290870667
282,IVT_seq_3_2199,783,AGACA,3605,0.94,yes,0.3009999990463257
283,IVT_seq_3_2199,804,AGACT,3626,0.931,yes,0.35100001096725464
284,IVT_seq_3_2199,816,GAACC,3619,0.984,yes,0.6809999942779541
285,IVT_seq_3_2199,841,TAACT,3635,0.802,no,0.5
286,IVT_seq_3_2199,923,TGACC,3674,0.986,yes,0.6489999890327454
287,IVT_seq_3_2199,938,GGACT,3698,0.986,yes,0.5419999957084656
288,IVT_seq_3_2199,967,AGACA,3716,0.973,yes,0.3959999978542328
289,IVT_seq_4_2201,1008,GGACC,3897,0.981,yes,0.5180000066757202
290,IVT_seq_4_2201,1023,GGACT,3898,0.965,yes,0.49399998784065247
291,IVT_seq_4_2201,1058,AAACC,3903,0.998,yes,0.4189999997615814
292,IVT_seq_4_2201,1082,TAACT,3912,0.611,no,0.3190000057220459
293,IVT_seq_4_2201,1095,TGACC,3895,0.986,yes,0.8080000281333923
294,IVT_seq_4_2201,1104,GAACA,3909,0.995,yes,0.3930000066757202
295,IVT_seq_4_2201,1120,GGACT,3919,0.723,no,0.37700000405311584
296,IVT_seq_4_2201,1156,TAACC,3931,0.885,no,0.578000009059906
297,IVT_seq_4_2201,1210,TGACT,3929,0.987,yes,0.6629999876022339
298,IVT_seq_4_2201,1221,GGACA,3932,0.991,yes,0.6140000224113464
299,IVT_seq_4_2201,1274,AAACA,3993,0.962,yes,0.46299999952316284
300,IVT_seq_4_2201,1349,TGACC,4098,0.832,no,0.4950000047683716
301,IVT_seq_4_2201,1373,AGACC,4111,0.991,yes,0.3179999887943268
302,IVT_seq_4_2201,1421,TAACT,4138,0.91,yes,0.6579999923706055
303,IVT_seq_4_2201,1426,TAACC,4158,0.938,yes,0.6330000162124634
304,IVT_seq_4_2201,1527,GAACT,4362,0.854,no,0.3070000112056732
305,IVT_seq_4_2201,1595,AAACT,4499,0.741,no,0.26100000739097595
306,IVT_seq_4_2201,164,GAACC,3107,0.872,no,0.33799999952316284
307,IVT_seq_4_2201,1659,AAACC,4543,0.991,yes,0.28600001335144043
308,IVT_seq_4_2201,1968,TGACT,4368,0.661,no,0.3959999978542328
309,IVT_seq_4_2201,2020,GGACT,4327,0.88,no,0.4050000011920929
310,IVT_seq_4_2201,2026,AGACC,4326,0.849,no,0.367000013589859
311,IVT_seq_4_2201,2031,TGACA,4325,0.687,no,0.45500001311302185
312,IVT_seq_4_2201,2096,GGACT,4182,0.813,no,0.4959999918937683
313,IVT_seq_4_2201,2122,AGACA,4023,0.981,yes,0.37299999594688416
314,IVT_seq_4_2201,2139,GGACC,3886,0.947,yes,0.46000000834465027
315,IVT_seq_4_2201,2161,TAACC,3341,0.579,no,0.5239999890327454
316,IVT_seq_4_2201,296,TAACA,3300,0.964,yes,0.5249999761581421
317,IVT_seq_4_2201,409,TAACC,3494,0.99,yes,0.8500000238418579
318,IVT_seq_4_2201,415,GAACT,3502,0.994,yes,0.49799999594688416
319,IVT_seq_4_2201,460,TGACC,3596,0.287,no,0.335999995470047
320,IVT_seq_4_2201,536,GGACC,3694,0.918,yes,0.3869999945163727
321,IVT_seq_4_2201,548,TGACC,3703,0.964,yes,0.7039999961853027
322,IVT_seq_4_2201,629,TGACT,3717,0.942,yes,0.5070000290870667
323,IVT_seq_4_2201,642,TGACC,3717,0.977,yes,0.6470000147819519
324,IVT_seq_4_2201,650,TGACC,3738,0.906,yes,0.3970000147819519
325,IVT_seq_4_2201,681,GGACA,3761,0.987,yes,0.5170000195503235
326,IVT_seq_4_2201,713,AGACT,3773,0.987,yes,0.24699999392032623
327,IVT_seq_4_2201,734,TAACC,3765,0.982,yes,0.7379999756813049
328,IVT_seq_4_2201,848,TGACT,3817,0.667,no,0.30300000309944153
329,IVT_seq_4_2201,915,GGACC,3837,0.997,yes,0.6809999942779541
330,IVT_seq_5_2201,1002,AAACA,2453,0.47,no,0.3179999887943268
331,IVT_seq_5_2201,1006,AAACC,2454,0.976,yes,0.4009999930858612
332,IVT_seq_5_2201,101,AAACA,1913,0.924,yes,0.3310000002384186
333,IVT_seq_5_2201,1048,TGACC,2479,0.972,yes,0.7910000085830688
334,IVT_seq_5_2201,1111,AAACA,2488,0.963,yes,0.2630000114440918
335,IVT_seq_5_2201,116,TGACA,1955,0.865,no,0.5360000133514404
336,IVT_seq_5_2201,1182,AAACC,2491,0.998,yes,0.6370000243186951
337,IVT_seq_5_2201,1194,GGACC,2495,0.96,yes,0.5789999961853027
338,IVT_seq_5_2201,1200,TAACA,2501,0.933,yes,0.6119999885559082
339,IVT_seq_5_2201,1217,AGACT,2515,0.668,no,0.2029999941587448
340,IVT_seq_5_2201,1241,TGACT,2519,0.309,no,0.20900000631809235
341,IVT_seq_5_2201,1302,GAACA,2520,0.977,yes,0.2370000034570694
342,IVT_seq_5_2201,1360,AGACT,2561,0.957,yes,0.27300000190734863
343,IVT_seq_5_2201,1368,TGACA,2567,0.921,yes,0.5239999890327454
344,IVT_seq_5_2201,1493,AAACC,2620,0.996,yes,0.42500001192092896
345,IVT_seq_5_2201,1524,GAACT,2633,0.984,yes,0.44999998807907104
346,IVT_seq_5_2201,1669,TGACA,2693,0.898,no,0.38100001215934753
347,IVT_seq_5_2201,1674,AAACA,2691,0.998,yes,0.503000020980835
348,IVT_seq_5_2201,1682,GGACA,2702,0.681,no,0.3319999873638153
349,IVT_seq_5_2201,1726,AGACC,2691,0.968,yes,0.2939999997615814
350,IVT_seq_5_2201,1786,GGACA,2658,0.888,no,0.4180000126361847
351,IVT_seq_5_2201,1791,GGACA,2655,0.985,yes,0.4699999988079071
352,IVT_seq_5_2201,1845,TGACT,2626,0.969,yes,0.4350000023841858
353,IVT_seq_5_2201,1859,AGACA,2621,0.986,yes,0.3160000145435333
354,IVT_seq_5_2201,1921,GGACC,2581,0.956,yes,0.5180000066757202
355,IVT_seq_5_2201,1928,GAACT,2576,0.993,yes,0.4959999918937683
356,IVT_seq_5_2201,1947,TGACA,2561,0.925,yes,0.550000011920929
357,IVT_seq_5_2201,1959,AGACT,2555,0.945,yes,0.2329999953508377
358,IVT_seq_5_2201,1968,TAACT,2543,0.923,yes,0.5460000038146973
359,IVT_seq_5_2201,1980,GGACA,2539,0.963,yes,0.4429999887943268
360,IVT_seq_5_2201,2073,TAACA,2495,0.895,no,0.4909999966621399
361,IVT_seq_5_2201,2116,TGACT,2460,0.862,no,0.4359999895095825
362,IVT_seq_5_2201,2145,GAACT,2411,0.965,yes,0.3970000147819519
363,IVT_seq_5_2201,2168,AAACC,2317,0.983,yes,0.3190000057220459
364,IVT_seq_5_2201,2194,GAACC,1348,0.647,no,0.29600000381469727
365,IVT_seq_5_2201,354,AGACC,2183,0.996,yes,0.3700000047683716
366,IVT_seq_5_2201,359,GGACC,2190,0.988,yes,0.5379999876022339
367,IVT_seq_5_2201,364,AGACT,2203,0.765,no,0.1770000010728836
368,IVT_seq_5_2201,378,AAACT,2210,0.261,no,0.19300000369548798
369,IVT_seq_5_2201,408,GGACT,2238,0.966,yes,0.41600000858306885
370,IVT_seq_5_2201,480,AGACA,2321,0.993,yes,0.44600000977516174
371,IVT_seq_5_2201,504,AGACC,2351,0.958,yes,0.3269999921321869
372,IVT_seq_5_2201,572,GGACT,2356,0.919,yes,0.5979999899864197
373,IVT_seq_5_2201,577,AGACT,2361,0.98,yes,0.4519999921321869
374,IVT_seq_5_2201,606,GAACT,2371,0.445,no,0.25099998712539673
375,IVT_seq_5_2201,648,TAACT,2376,0.758,no,0.4269999861717224
376,IVT_seq_5_2201,657,TGACC,2383,0.552,no,0.38499999046325684
377,IVT_seq_5_2201,687,TGACC,2395,0.958,yes,0.5130000114440918
378,IVT_seq_5_2201,697,AAACC,2393,0.993,yes,0.3149999976158142
379,IVT_seq_5_2201,722,AGACA,2395,0.818,no,0.26100000739097595
380,IVT_seq_5_2201,732,GAACA,2394,0.957,yes,0.3059999942779541
381,IVT_seq_5_2201,759,GAACA,2407,0.843,no,0.24699999392032623
382,IVT_seq_5_2201,806,TGACT,2401,0.926,yes,0.49000000953674316
383,IVT_seq_5_2201,894,AGACA,2422,0.532,no,0.2160000056028366
384,IVT_seq_5_2201,915,GAACA,2413,0.966,yes,0.4490000009536743
385,IVT_seq_6_2200,1010,AAACC,2142,0.421,no,0.11400000005960464
386,IVT_seq_6_2200,1112,GAACT,2154,0.856,no,0.3540000021457672
387,IVT_seq_6_2200,1150,GAACT,2201,0.571,no,0.2199999988079071
388,IVT_seq_6_2200,119,GAACC,1654,0.928,yes,0.4009999930858612
389,IVT_seq_6_2200,1257,AAACC,2281,0.996,yes,0.4690000116825104
390,IVT_seq_6_2200,126,TAACT,1660,0.977,yes,0.6650000214576721
391,IVT_seq_6_2200,1280,TGACA,2300,0.831,no,0.460999995470047
392,IVT_seq_6_2200,1294,TGACT,2333,0.305,no,0.22100000083446503
393,IVT_seq_6_2200,1313,GGACA,2345,0.99,yes,0.47099998593330383
394,IVT_seq_6_2200,1330,GGACC,2368,0.966,yes,0.4259999990463257
395,IVT_seq_6_2200,1364,AGACT,2390,0.878,no,0.23000000417232513
396,IVT_seq_6_2200,1436,TAACA,2401,0.963,yes,0.5770000219345093
397,IVT_seq_6_2200,1499,TAACT,2453,0.795,no,0.4650000035762787
398,IVT_seq_6_2200,1757,GAACT,2537,0.757,no,0.28600001335144043
399,IVT_seq_6_2200,1764,GAACA,2529,0.912,yes,0.3479999899864197
400,IVT_seq_6_2200,1784,AGACA,2522,0.999,yes,0.5540000200271606
401,IVT_seq_6_2200,1852,AAACT,2488,0.464,no,0.22200000286102295
402,IVT_seq_6_2200,1935,TAACC,2449,0.995,yes,0.8960000276565552
403,IVT_seq_6_2200,1966,AAACA,2441,0.659,no,0.18799999356269836
404,IVT_seq_6_2200,2028,TAACT,2405,0.983,yes,0.7490000128746033
405,IVT_seq_6_2200,2083,GAACT,2359,0.947,yes,0.3109999895095825
406,IVT_seq_6_2200,210,TAACT,1753,0.783,no,0.3709999918937683
407,IVT_seq_6_2200,2120,TAACC,2267,0.566,no,0.42899999022483826
408,IVT_seq_6_2200,2179,AAACC,1677,0.99,yes,0.37400001287460327
409,IVT_seq_6_2200,2195,TAACA,1035,0.867,no,0.5329999923706055
410,IVT_seq_6_2200,368,AAACC,1880,0.996,yes,0.4320000112056732
411,IVT_seq_6_2200,47,AGACC,1582,0.949,yes,0.2680000066757202
412,IVT_seq_6_2200,476,GGACC,1974,0.973,yes,0.527999997138977
413,IVT_seq_6_2200,535,GGACA,1998,0.973,yes,0.40799999237060547
414,IVT_seq_6_2200,558,AAACC,2005,0.996,yes,0.5109999775886536
415,IVT_seq_6_2200,573,GAACC,2011,0.927,yes,0.41600000858306885
416,IVT_seq_6_2200,614,GAACA,2028,0.668,no,0.28700000047683716
417,IVT_seq_6_2200,665,AGACA,2050,0.917,yes,0.3100000023841858
418,IVT_seq_6_2200,69,TAACC,1610,0.667,no,0.44200000166893005
419,IVT_seq_6_2200,708,AAACC,2053,0.995,yes,0.28999999165534973
420,IVT_seq_6_2200,772,GGACC,2066,0.977,yes,0.49900001287460327
421,IVT_seq_6_2200,798,TAACT,2064,0.59,no,0.3540000021457672
422,IVT_seq_6_2200,821,GAACC,2063,0.262,no,0.23399999737739563
423,IVT_seq_6_2200,871,TGACT,2056,0.69,no,0.30300000309944153
424,IVT_seq_6_2200,880,GAACA,2060,0.962,yes,0.35499998927116394
425,IVT_seq_6_2200,885,TGACA,2060,0.884,no,0.47099998593330383
426,IVT_seq_6_2200,895,GGACC,2065,0.985,yes,0.42100000381469727
427,IVT_seq_6_2200,926,AAACC,2068,0.969,yes,0.42399999499320984
428,IVT_seq_6_2200,950,TGACC,2088,0.934,yes,0.5789999961853027
429,IVT_seq_6_2200,985,TAACC,2103,0.988,yes,0.6650000214576721
430,IVT_seq_7_2198,10,TAACA,2348,0.609,no,0.550000011920929
431,IVT_seq_7_2198,1047,GGACA,3194,0.876,no,0.3720000088214874
432,IVT_seq_7_2198,1115,TGACT,3151,0.934,yes,0.5429999828338623
433,IVT_seq_7_2198,1218,TAACC,3140,0.844,no,0.49000000953674316
434,IVT_seq_7_2198,1253,AAACT,3140,0.895,no,0.23999999463558197
435,IVT_seq_7_2198,1295,TGACT,3128,0.876,no,0.3700000047683716
436,IVT_seq_7_2198,1319,GAACA,3112,0.984,yes,0.5830000042915344
437,IVT_seq_7_2198,1349,GAACA,3094,0.957,yes,0.27399998903274536
438,IVT_seq_7_2198,1392,GGACC,3096,0.958,yes,0.4350000023841858
439,IVT_seq_7_2198,1456,GAACA,3078,0.943,yes,0.29499998688697815
440,IVT_seq_7_2198,1499,GAACC,3068,0.786,no,0.257999986410141
441,IVT_seq_7_2198,150,AAACT,3185,0.059,no,0.12300000339746475
442,IVT_seq_7_2198,1595,AGACC,3051,0.9,yes,0.2409999966621399
443,IVT_seq_7_2198,163,GAACA,3196,0.654,no,0.257999986410141
444,IVT_seq_7_2198,1642,AAACC,2994,0.975,yes,0.4189999997615814
445,IVT_seq_7_2198,1748,TAACT,2931,0.526,no,0.4620000123977661
446,IVT_seq_7_2198,1765,GGACA,2908,0.963,yes,0.38100001215934753
447,IVT_seq_7_2198,1787,AAACT,2876,0.824,no,0.37599998712539673
448,IVT_seq_7_2198,179,TAACT,3213,0.786,no,0.4950000047683716
449,IVT_seq_7_2198,1833,GAACA,2834,0.985,yes,0.46399998664855957
450,IVT_seq_7_2198,1878,TGACA,2782,0.973,yes,0.5009999871253967
451,IVT_seq_7_2198,1883,TGACA,2777,0.988,yes,0.6660000085830688
452,IVT_seq_7_2198,1909,GAACA,2748,0.926,yes,0.33500000834465027
453,IVT_seq_7_2198,1999,TAACT,2642,0.678,no,0.42500001192092896
454,IVT_seq_7_2198,2066,TAACT,2569,0.781,no,0.5440000295639038
455,IVT_seq_7_2198,2112,AGACC,2471,0.976,yes,0.3630000054836273
456,IVT_seq_7_2198,2150,GAACC,2320,0.974,yes,0.4690000116825104
457,IVT_seq_7_2198,26,AGACC,2922,0.99,yes,0.3619999885559082
458,IVT_seq_7_2198,266,AGACC,3385,0.992,yes,0.4259999990463257
459,IVT_seq_7_2198,295,AGACA,3407,0.978,yes,0.41100001335144043
460,IVT_seq_7_2198,304,GGACC,3415,0.992,yes,0.6140000224113464
461,IVT_seq_7_2198,331,GGACA,3435,0.994,yes,0.5400000214576721
462,IVT_seq_7_2198,362,TAACT,3468,0.869,no,0.4690000116825104
463,IVT_seq_7_2198,380,AGACT,3484,0.907,yes,0.3659999966621399
464,IVT_seq_7_2198,386,TAACC,3496,0.99,yes,0.8050000071525574
465,IVT_seq_7_2198,451,GAACA,3587,0.999,yes,0.4230000078678131
466,IVT_seq_7_2198,480,GGACA,3616,0.912,yes,0.42500001192092896
467,IVT_seq_7_2198,50,AGACC,3029,0.948,yes,0.32899999618530273
468,IVT_seq_7_2198,518,AGACA,3622,0.998,yes,0.42100000381469727
469,IVT_seq_7_2198,728,GGACT,3477,0.974,yes,0.5770000219345093
470,IVT_seq_7_2198,742,GGACT,3454,0.919,yes,0.5040000081062317
471,IVT_seq_7_2198,776,AAACT,3399,0.332,no,0.22100000083446503
472,IVT_seq_7_2198,828,AAACC,3339,0.948,yes,0.22699999809265137
473,IVT_seq_7_2198,84,TGACC,3086,0.806,no,0.49799999594688416
474,IVT_seq_7_2198,840,AAACA,3302,0.537,no,0.27300000190734863
475,IVT_seq_7_2198,849,TAACT,3303,0.992,yes,0.7070000171661377
476,IVT_seq_7_2198,959,TGACC,3270,0.849,no,0.4399999976158142
477,IVT_seq_7_2198,978,TGACC,3249,0.916,yes,0.5569999814033508
478,IVT_seq_7_2198,999,AAACA,3210,0.804,no,0.38499999046325684
479,IVT_seq_8_2195,1016,TAACT,3298,0.199,no,0.35199999809265137
480,IVT_seq_8_2195,1073,TGACT,3307,0.974,yes,0.5989999771118164
481,IVT_seq_8_2195,1131,TAACC,3327,0.99,yes,0.7730000019073486
482,IVT_seq_8_2195,1139,GGACT,3336,0.978,yes,0.46700000762939453
483,IVT_seq_8_2195,1209,AGACC,3386,0.996,yes,0.33799999952316284
484,IVT_seq_8_2195,121,TAACT,2983,0.991,yes,0.6349999904632568
485,IVT_seq_8_2195,1257,AAACT,3407,0.975,yes,0.296999990940094
486,IVT_seq_8_2195,13,AAACT,1986,0.079,no,0.18700000643730164
487,IVT_seq_8_2195,1349,AGACC,3428,0.986,yes,0.3959999978542328
488,IVT_seq_8_2195,1356,TAACT,3420,0.977,yes,0.6779999732971191
489,IVT_seq_8_2195,1427,AGACC,3461,0.876,no,0.24500000476837158
490,IVT_seq_8_2195,1436,TGACT,3464,0.699,no,0.4129999876022339
491,IVT_seq_8_2195,1484,GAACC,3465,0.988,yes,0.5270000100135803
492,IVT_seq_8_2195,1511,TAACT,3492,0.889,no,0.47099998593330383
493,IVT_seq_8_2195,1538,TAACA,3496,0.99,yes,0.5899999737739563
494,IVT_seq_8_2195,162,TAACC,3043,0.989,yes,0.7540000081062317
495,IVT_seq_8_2195,1664,TGACA,3557,0.996,yes,0.5889999866485596
496,IVT_seq_8_2195,1678,TGACT,3557,0.863,no,0.5289999842643738
497,IVT_seq_8_2195,1688,AAACT,3567,0.696,no,0.39800000190734863
498,IVT_seq_8_2195,1840,GAACA,3467,0.961,yes,0.41999998688697815
499,IVT_seq_8_2195,1905,AAACC,3406,0.994,yes,0.4790000021457672
500,IVT_seq_8_2195,1984,TAACC,3304,0.988,yes,0.6179999709129333
501,IVT_seq_8_2195,1990,TGACC,3303,0.981,yes,0.7300000190734863
502,IVT_seq_8_2195,2134,GAACT,3015,0.974,yes,0.35600000619888306
503,IVT_seq_8_2195,216,TAACA,3112,0.885,no,0.48500001430511475
504,IVT_seq_8_2195,257,AGACT,3168,0.967,yes,0.3160000145435333
505,IVT_seq_8_2195,298,GAACT,3205,0.996,yes,0.296999990940094
506,IVT_seq_8_2195,362,TAACT,3281,0.356,no,0.41100001335144043
507,IVT_seq_8_2195,380,AGACT,3304,0.902,yes,0.2750000059604645
508,IVT_seq_8_2195,461,GGACT,3432,0.991,yes,0.6179999709129333
509,IVT_seq_8_2195,494,GAACT,3476,0.6,no,0.2409999966621399
510,IVT_seq_8_2195,603,GGACT,3421,0.855,no,0.46000000834465027
511,IVT_seq_8_2195,625,TGACA,3404,0.979,yes,0.5649999976158142
512,IVT_seq_8_2195,631,GGACC,3403,0.99,yes,0.5929999947547913
513,IVT_seq_8_2195,711,TAACC,3310,0.686,no,0.4779999852180481
514,IVT_seq_8_2195,720,AGACT,3309,0.83,no,0.27799999713897705
515,IVT_seq_8_2195,754,GGACT,3295,0.767,no,0.47099998593330383
516,IVT_seq_8_2195,782,AGACC,3297,0.956,yes,0.2849999964237213
517,IVT_seq_8_2195,79,GAACT,2894,0.981,yes,0.4300000071525574
518,IVT_seq_8_2195,790,AGACT,3305,0.834,no,0.20499999821186066
519,IVT_seq_8_2195,811,TAACC,3287,0.987,yes,0.7670000195503235
520,IVT_seq_8_2195,83,TGACT,2903,0.899,no,0.39800000190734863
521,IVT_seq_8_2195,835,TAACA,3274,0.993,yes,0.6610000133514404
522,IVT_seq_8_2195,857,AAACA,3289,0.608,no,0.3499999940395355
523,IVT_seq_8_2195,949,AGACT,3298,0.27,no,0.1420000046491623
524,IVT_seq_8_2195,963,AGACC,3298,0.989,yes,0.28999999165534973
525,IVT_seq_8_2195,989,GAACC,3292,0.96,yes,0.3569999933242798
526,IVT_seq_9_2193,1009,TAACA,2986,0.939,yes,0.5379999876022339
527,IVT_seq_9_2193,1112,TGACT,2993,0.568,no,0.3059999942779541
528,IVT_seq_9_2193,1244,AAACT,3077,0.315,no,0.2460000067949295
529,IVT_seq_9_2193,1251,TGACA,3084,0.815,no,0.49000000953674316
530,IVT_seq_9_2193,1331,AAACT,3123,0.469,no,0.17599999904632568
531,IVT_seq_9_2193,14,GGACA,2083,0.923,yes,0.4050000011920929
532,IVT_seq_9_2193,1440,TAACT,3135,0.952,yes,0.6639999747276306
533,IVT_seq_9_2193,1464,AAACT,3170,0.54,no,0.3140000104904175
534,IVT_seq_9_2193,148,GAACC,2659,0.266,no,0.27000001072883606
535,IVT_seq_9_2193,1595,AAACT,3183,0.442,no,0.32499998807907104
536,IVT_seq_9_2193,1601,GAACA,3177,0.995,yes,0.335999995470047
537,IVT_seq_9_2193,164,GAACT,2687,0.874,no,0.35899999737739563
538,IVT_seq_9_2193,1655,AAACC,3215,0.981,yes,0.35499998927116394
539,IVT_seq_9_2193,1673,AAACA,3215,0.502,no,0.335999995470047
540,IVT_seq_9_2193,1703,TAACA,3220,0.853,no,0.42800000309944153
541,IVT_seq_9_2193,1771,AGACT,3164,0.794,no,0.17900000512599945
542,IVT_seq_9_2193,1812,AGACC,3129,0.957,yes,0.41499999165534973
543,IVT_seq_9_2193,1918,GGACA,3010,0.933,yes,0.49300000071525574
544,IVT_seq_9_2193,2051,GGACT,2892,0.934,yes,0.5189999938011169
545,IVT_seq_9_2193,2119,GAACA,2752,0.989,yes,0.47099998593330383
546,IVT_seq_9_2193,2190,TGACA,891,1.0,yes,1.0
547,IVT_seq_9_2193,251,GGACC,2805,0.848,no,0.35499998927116394
548,IVT_seq_9_2193,275,AGACA,2840,0.956,yes,0.31299999356269836
549,IVT_seq_9_2193,32,TGACT,2418,0.653,no,0.30000001192092896
550,IVT_seq_9_2193,360,AAACC,2952,0.996,yes,0.37599998712539673
551,IVT_seq_9_2193,452,TAACA,3034,0.906,yes,0.49300000071525574
552,IVT_seq_9_2193,595,AAACT,3096,0.444,no,0.2370000034570694
553,IVT_seq_9_2193,83,AGACT,2558,0.561,no,0.25699999928474426
554,IVT_seq_9_2193,865,GGACC,3029,0.989,yes,0.5139999985694885
555,IVT_seq_9_2193,892,GAACA,3010,0.831,no,0.2280000001192093
556,IVT_seq_9_2193,9,GAACC,1793,0.662,no,0.3019999861717224
557,IVT_seq_9_2193,919,AGACA,3006,0.949,yes,0.29600000381469727
558,IVT_seq_9_2193,98,AGACA,2571,0.937,yes,0.20600000023841858
559,cc6m_2244_t7_ecorv,1080,GAACA,6195,0.917,yes,0.38199999928474426
560,cc6m_2244_t7_ecorv,1114,AAACC,6254,0.984,yes,0.5460000038146973
561,cc6m_2244_t7_ecorv,1182,GGACA,6338,0.964,yes,0.460999995470047
562,cc6m_2244_t7_ecorv,1187,TAACT,6340,0.959,yes,0.6000000238418579
563,cc6m_2244_t7_ecorv,1196,AGACA,6345,0.978,yes,0.36399999260902405
564,cc6m_2244_t7_ecorv,1216,GGACA,6373,0.975,yes,0.4099999964237213
565,cc6m_2244_t7_ecorv,1233,GAACC,6401,0.959,yes,0.4740000069141388
566,cc6m_2244_t7_ecorv,1342,GAACC,6598,0.987,yes,0.5299999713897705
567,cc6m_2244_t7_ecorv,1355,GGACT,6638,0.834,no,0.5189999938011169
568,cc6m_2244_t7_ecorv,144,AGACT,4556,0.945,yes,0.33000001311302185
569,cc6m_2244_t7_ecorv,1472,TGACC,6868,0.769,no,0.4339999854564667
570,cc6m_2244_t7_ecorv,1495,TGACA,6923,0.794,no,0.6190000176429749
571,cc6m_2244_t7_ecorv,1521,TAACT,6939,0.941,yes,0.5379999876022339
572,cc6m_2244_t7_ecorv,155,TAACT,4564,0.992,yes,0.6650000214576721
573,cc6m_2244_t7_ecorv,1581,AAACA,7050,0.364,no,0.3070000112056732
574,cc6m_2244_t7_ecorv,1663,AAACC,7281,0.981,yes,0.4650000035762787
575,cc6m_2244_t7_ecorv,1820,GGACC,7344,0.955,yes,0.5270000100135803
576,cc6m_2244_t7_ecorv,1934,GGACT,7233,0.775,no,0.3269999921321869
577,cc6m_2244_t7_ecorv,1952,GAACC,7207,0.824,no,0.5379999876022339
578,cc6m_2244_t7_ecorv,1967,AGACA,7196,0.888,no,0.25600001215934753
579,cc6m_2244_t7_ecorv,1999,TAACC,7131,0.967,yes,0.6790000200271606
580,cc6m_2244_t7_ecorv,2097,TGACC,6923,0.967,yes,0.7710000276565552
581,cc6m_2244_t7_ecorv,2199,AAACA,5495,0.772,no,0.3919999897480011
582,cc6m_2244_t7_ecorv,228,AAACA,4751,0.946,yes,0.46399998664855957
583,cc6m_2244_t7_ecorv,237,TAACA,4761,0.97,yes,0.5040000081062317
584,cc6m_2244_t7_ecorv,263,TAACA,4824,0.959,yes,0.5839999914169312
585,cc6m_2244_t7_ecorv,28,AAACC,3813,0.988,yes,0.4880000054836273
586,cc6m_2244_t7_ecorv,323,GAACA,5013,0.888,no,0.2919999957084656
587,cc6m_2244_t7_ecorv,35,GGACC,3952,0.871,no,0.375
588,cc6m_2244_t7_ecorv,384,TAACA,5170,0.718,no,0.46299999952316284
589,cc6m_2244_t7_ecorv,481,TAACA,5421,0.982,yes,0.7049999833106995
590,cc6m_2244_t7_ecorv,656,GGACT,5680,0.943,yes,0.546999990940094
591,cc6m_2244_t7_ecorv,71,GGACT,4367,0.517,no,0.5540000200271606
592,cc6m_2244_t7_ecorv,761,AAACC,5789,0.988,yes,0.5270000100135803
593,cc6m_2244_t7_ecorv,823,AGACA,5827,0.934,yes,0.2540000081062317
594,cc6m_2244_t7_ecorv,92,GGACC,4441,0.952,yes,0.4959999918937683
595,cc6m_2244_t7_ecorv,920,AGACT,5916,0.978,yes,0.44999998807907104
596,cc6m_2459_t7_ecorv,1036,GAACC,5742,0.98,yes,0.3569999933242798
597,cc6m_2459_t7_ecorv,1069,TAACA,5756,0.925,yes,0.5849999785423279
598,cc6m_2459_t7_ecorv,108,GGACC,4304,0.988,yes,0.46299999952316284
599,cc6m_2459_t7_ecorv,1097,TAACA,5810,0.936,yes,0.628000020980835
600,cc6m_2459_t7_ecorv,1193,GAACA,5866,0.984,yes,0.25999999046325684
601,cc6m_2459_t7_ecorv,1197,AGACC,5865,0.97,yes,0.21400000154972076
602,cc6m_2459_t7_ecorv,1365,TGACT,6124,0.991,yes,0.5239999890327454
603,cc6m_2459_t7_ecorv,140,AGACT,4340,0.895,no,0.30799999833106995
604,cc6m_2459_t7_ecorv,1526,AGACC,6341,0.495,no,0.33500000834465027
605,cc6m_2459_t7_ecorv,1632,GAACT,6525,0.763,no,0.20000000298023224
606,cc6m_2459_t7_ecorv,1640,TAACT,6557,0.347,no,0.4189999997615814
607,cc6m_2459_t7_ecorv,1669,GGACT,6666,0.968,yes,0.4740000069141388
608,cc6m_2459_t7_ecorv,1677,AGACT,6670,0.555,no,0.23199999332427979
609,cc6m_2459_t7_ecorv,175,TAACT,4459,0.391,no,0.3409999907016754
610,cc6m_2459_t7_ecorv,1759,GGACC,6784,0.874,no,0.367000013589859
611,cc6m_2459_t7_ecorv,1767,GAACA,6796,0.936,yes,0.33799999952316284
612,cc6m_2459_t7_ecorv,1866,GAACC,6923,0.245,no,0.21299999952316284
613,cc6m_2459_t7_ecorv,1874,AGACT,6919,0.883,no,0.2540000081062317
614,cc6m_2459_t7_ecorv,1896,AAACA,6959,0.475,no,0.35899999737739563
615,cc6m_2459_t7_ecorv,2002,AGACA,7001,0.976,yes,0.3610000014305115
616,cc6m_2459_t7_ecorv,2008,GAACC,6996,0.742,no,0.40799999237060547
617,cc6m_2459_t7_ecorv,2040,AAACT,6947,0.98,yes,0.5080000162124634
618,cc6m_2459_t7_ecorv,2045,GAACT,6937,0.993,yes,0.4309999942779541
619,cc6m_2459_t7_ecorv,2111,TGACA,6863,0.96,yes,0.5400000214576721
620,cc6m_2459_t7_ecorv,2127,GGACA,6844,0.94,yes,0.38499999046325684
621,cc6m_2459_t7_ecorv,2173,AGACA,6682,0.998,yes,0.4269999861717224
622,cc6m_2459_t7_ecorv,2402,TGACA,6028,0.69,no,0.382999986410141
623,cc6m_2459_t7_ecorv,2445,AGACA,4547,0.822,no,0.32899999618530273
624,cc6m_2459_t7_ecorv,302,GGACT,4728,0.556,no,0.36500000953674316
625,cc6m_2459_t7_ecorv,307,TAACA,4738,0.947,yes,0.515999972820282
626,cc6m_2459_t7_ecorv,343,TAACC,4849,0.937,yes,0.7260000109672546
627,cc6m_2459_t7_ecorv,388,AAACA,4933,0.998,yes,0.39800000190734863
628,cc6m_2459_t7_ecorv,400,TAACT,4964,0.924,yes,0.4490000009536743
629,cc6m_2459_t7_ecorv,455,GGACA,5111,0.991,yes,0.4309999942779541
630,cc6m_2459_t7_ecorv,465,GGACC,5126,0.994,yes,0.36899998784065247
631,cc6m_2459_t7_ecorv,534,TGACA,5219,0.96,yes,0.47600001096725464
632,cc6m_2459_t7_ecorv,558,TAACA,5216,0.978,yes,0.6510000228881836
633,cc6m_2459_t7_ecorv,610,TAACT,5255,0.952,yes,0.5830000042915344
634,cc6m_2459_t7_ecorv,616,AAACT,5268,0.932,yes,0.367000013589859
635,cc6m_2459_t7_ecorv,756,GGACC,5431,0.983,yes,0.42100000381469727
636,cc6m_2459_t7_ecorv,792,GGACT,5501,0.886,no,0.5509999990463257
637,cc6m_2459_t7_ecorv,854,AAACC,5566,0.951,yes,0.375
638,cc6m_2459_t7_ecorv,865,AGACT,5576,0.985,yes,0.31200000643730164
639,cc6m_2459_t7_ecorv,876,TAACT,5569,0.993,yes,0.6890000104904175
640,cc6m_2459_t7_ecorv,944,AAACA,5649,0.027,no,0.12200000137090683
641,cc6m_2459_t7_ecorv,953,GAACA,5661,0.928,yes,0.41100001335144043
642,cc6m_2459_t7_ecorv,979,TAACA,5674,0.936,yes,0.5690000057220459
643,cc6m_2595_t7_ecorv,1045,AGACC,5664,0.934,yes,0.23899999260902405
644,cc6m_2595_t7_ecorv,1071,AAACA,5661,0.36,no,0.2619999945163727
645,cc6m_2595_t7_ecorv,112,AGACT,4234,0.988,yes,0.2460000067949295
646,cc6m_2595_t7_ecorv,1244,TGACT,5820,0.805,no,0.3310000002384186
647,cc6m_2595_t7_ecorv,1299,GAACA,5928,0.978,yes,0.36899998784065247
648,cc6m_2595_t7_ecorv,1339,GGACT,5961,0.982,yes,0.6650000214576721
649,cc6m_2595_t7_ecorv,1356,GAACT,5969,0.435,no,0.22200000286102295
650,cc6m_2595_t7_ecorv,1368,TAACC,5968,0.859,no,0.5519999861717224
651,cc6m_2595_t7_ecorv,1420,GGACC,6009,0.964,yes,0.3540000021457672
652,cc6m_2595_t7_ecorv,1464,GAACT,6000,0.982,yes,0.4449999928474426
653,cc6m_2595_t7_ecorv,1511,TGACT,6024,0.647,no,0.3720000088214874
654,cc6m_2595_t7_ecorv,1621,TGACT,5561,0.636,no,0.3880000114440918
655,cc6m_2595_t7_ecorv,1656,GAACC,5631,0.959,yes,0.39899998903274536
656,cc6m_2595_t7_ecorv,1690,AGACA,5648,0.996,yes,0.3970000147819519
657,cc6m_2595_t7_ecorv,1704,AGACA,5676,0.952,yes,0.4269999861717224
658,cc6m_2595_t7_ecorv,1708,AGACT,5697,0.962,yes,0.27300000190734863
659,cc6m_2595_t7_ecorv,1758,GGACC,5754,0.988,yes,0.5519999861717224
660,cc6m_2595_t7_ecorv,1766,TAACA,5781,0.725,no,0.5260000228881836
661,cc6m_2595_t7_ecorv,1836,GGACT,5824,0.743,no,0.37599998712539673
662,cc6m_2595_t7_ecorv,1963,TGACA,6004,0.955,yes,0.5410000085830688
663,cc6m_2595_t7_ecorv,2014,GGACC,6114,0.975,yes,0.46299999952316284
664,cc6m_2595_t7_ecorv,2047,AGACT,6141,0.98,yes,0.29100000858306885
665,cc6m_2595_t7_ecorv,2172,TAACC,6128,0.429,no,0.36000001430511475
666,cc6m_2595_t7_ecorv,2211,AAACT,6094,0.975,yes,0.3370000123977661
667,cc6m_2595_t7_ecorv,2300,TAACC,5999,0.836,no,0.5699999928474426
668,cc6m_2595_t7_ecorv,2305,AGACC,5995,0.971,yes,0.29499998688697815
669,cc6m_2595_t7_ecorv,2336,TGACA,5965,0.877,no,0.4410000145435333
670,cc6m_2595_t7_ecorv,2350,GAACA,5954,0.997,yes,0.414000004529953
671,cc6m_2595_t7_ecorv,2422,TAACA,5865,0.931,yes,0.628000020980835
672,cc6m_2595_t7_ecorv,2574,GGACT,3849,0.897,no,0.5440000295639038
673,cc6m_2595_t7_ecorv,29,TAACC,4021,0.608,no,0.4309999942779541
674,cc6m_2595_t7_ecorv,359,TAACT,4757,0.93,yes,0.47099998593330383
675,cc6m_2595_t7_ecorv,368,GGACT,4779,0.703,no,0.44999998807907104
676,cc6m_2595_t7_ecorv,407,GGACC,4870,0.98,yes,0.5569999814033508
677,cc6m_2595_t7_ecorv,445,TGACC,4959,0.781,no,0.46000000834465027
678,cc6m_2595_t7_ecorv,459,AAACC,4992,0.991,yes,0.47200000286102295
679,cc6m_2595_t7_ecorv,536,TAACA,5077,0.999,yes,0.8970000147819519
680,cc6m_2595_t7_ecorv,579,GGACT,5169,0.916,yes,0.4169999957084656
681,cc6m_2595_t7_ecorv,605,AAACT,5190,0.447,no,0.2460000067949295
682,cc6m_2595_t7_ecorv,614,GAACT,5192,0.754,no,0.2720000147819519
683,cc6m_2595_t7_ecorv,624,TAACC,5200,0.82,no,0.5590000152587891
684,cc6m_2595_t7_ecorv,644,GAACT,5237,0.989,yes,0.3580000102519989
685,cc6m_2595_t7_ecorv,692,GAACC,5240,0.967,yes,0.3319999873638153
686,cc6m_2595_t7_ecorv,736,AAACC,5262,0.995,yes,0.4320000112056732
687,cc6m_2595_t7_ecorv,796,AGACC,5351,0.995,yes,0.32899999618530273
688,cc6m_2595_t7_ecorv,824,TGACT,5408,0.786,no,0.5460000038146973
689,cc6m_2595_t7_ecorv,847,GGACC,5465,0.99,yes,0.4569999873638153
690,cc6m_2595_t7_ecorv,863,TGACT,5493,0.438,no,0.26899999380111694
691,cc6m_2595_t7_ecorv,88,TAACC,4181,0.916,yes,0.593999981880188
692,cc6m_2595_t7_ecorv,907,AAACT,5476,0.498,no,0.32199999690055847
693,cc6m_2709_t7_ecorv,1085,TAACT,5953,0.614,no,0.4440000057220459
694,cc6m_2709_t7_ecorv,1123,AGACT,5992,0.895,no,0.2809999883174896
695,cc6m_2709_t7_ecorv,1145,GAACA,5985,0.97,yes,0.41499999165534973
696,cc6m_2709_t7_ecorv,1204,TAACA,6007,0.975,yes,0.5630000233650208
697,cc6m_2709_t7_ecorv,1215,TGACT,5983,0.504,no,0.4659999907016754
698,cc6m_2709_t7_ecorv,1352,AGACA,6145,0.995,yes,0.3190000057220459
699,cc6m_2709_t7_ecorv,1370,TAACT,6145,0.952,yes,0.5149999856948853
700,cc6m_2709_t7_ecorv,1436,AGACA,6203,0.982,yes,0.375
701,cc6m_2709_t7_ecorv,1482,GGACC,6276,0.971,yes,0.48500001430511475
702,cc6m_2709_t7_ecorv,1519,GAACA,6288,0.922,yes,0.367000013589859
703,cc6m_2709_t7_ecorv,153,TGACT,4875,0.519,no,0.35199999809265137
704,cc6m_2709_t7_ecorv,1572,AGACA,6313,0.887,no,0.21699999272823334
705,cc6m_2709_t7_ecorv,1597,AAACT,6353,0.771,no,0.3310000002384186
706,cc6m_2709_t7_ecorv,1609,TGACC,6372,0.615,no,0.4129999876022339
707,cc6m_2709_t7_ecorv,1631,TGACA,6400,0.979,yes,0.47600001096725464
708,cc6m_2709_t7_ecorv,1646,GAACT,6415,0.877,no,0.32600000500679016
709,cc6m_2709_t7_ecorv,1809,TAACC,6581,0.882,no,0.5950000286102295
710,cc6m_2709_t7_ecorv,1826,GAACA,6613,0.996,yes,0.2840000092983246
711,cc6m_2709_t7_ecorv,1834,GGACT,6620,0.98,yes,0.5170000195503235
712,cc6m_2709_t7_ecorv,1848,GGACA,6641,0.947,yes,0.43299999833106995
713,cc6m_2709_t7_ecorv,1905,TGACA,6729,0.977,yes,0.6460000276565552
714,cc6m_2709_t7_ecorv,1910,AGACC,6735,0.954,yes,0.25999999046325684
715,cc6m_2709_t7_ecorv,1942,GGACT,6803,0.945,yes,0.4390000104904175
716,cc6m_2709_t7_ecorv,2096,TGACT,6923,0.797,no,0.3720000088214874
717,cc6m_2709_t7_ecorv,2167,TAACC,6956,0.451,no,0.37700000405311584
718,cc6m_2709_t7_ecorv,2188,AAACA,6958,0.883,no,0.28700000047683716
719,cc6m_2709_t7_ecorv,2225,AGACA,6930,0.997,yes,0.5329999923706055
720,cc6m_2709_t7_ecorv,2323,TAACA,6811,0.865,no,0.5120000243186951
721,cc6m_2709_t7_ecorv,245,AAACA,5058,0.98,yes,0.3880000114440918
722,cc6m_2709_t7_ecorv,2575,AGACT,6375,0.568,no,0.210999995470047
723,cc6m_2709_t7_ecorv,2627,TGACC,5936,0.991,yes,0.6159999966621399
724,cc6m_2709_t7_ecorv,2638,AAACA,5817,0.985,yes,0.48500001430511475
725,cc6m_2709_t7_ecorv,2645,GAACC,5739,0.885,no,0.4180000126361847
726,cc6m_2709_t7_ecorv,2670,AAACA,5281,0.925,yes,0.4860000014305115
727,cc6m_2709_t7_ecorv,2682,GGACA,4686,0.923,yes,0.4830000102519989
728,cc6m_2709_t7_ecorv,2686,AGACA,4403,0.995,yes,0.41100001335144043
729,cc6m_2709_t7_ecorv,2694,GAACA,3902,0.991,yes,0.5550000071525574
730,cc6m_2709_t7_ecorv,306,GGACA,5192,0.975,yes,0.3970000147819519
731,cc6m_2709_t7_ecorv,361,GGACA,5322,0.987,yes,0.4580000042915344
732,cc6m_2709_t7_ecorv,368,GGACA,5336,0.962,yes,0.6949999928474426
733,cc6m_2709_t7_ecorv,387,GAACC,5370,0.752,no,0.3889999985694885
734,cc6m_2709_t7_ecorv,394,TGACT,5374,0.953,yes,0.5989999771118164
735,cc6m_2709_t7_ecorv,415,AAACA,5417,0.972,yes,0.5199999809265137
736,cc6m_2709_t7_ecorv,42,AAACC,4516,0.73,no,0.33000001311302185
737,cc6m_2709_t7_ecorv,421,AGACA,5424,0.984,yes,0.3109999895095825
738,cc6m_2709_t7_ecorv,452,TAACC,5522,0.989,yes,0.8069999814033508
739,cc6m_2709_t7_ecorv,52,AAACT,4608,0.814,no,0.3709999918937683
740,cc6m_2709_t7_ecorv,524,TGACT,5664,0.721,no,0.4009999930858612
741,cc6m_2709_t7_ecorv,548,GAACC,5730,0.77,no,0.4020000100135803
742,cc6m_2709_t7_ecorv,60,GGACC,4648,0.966,yes,0.5260000228881836
743,cc6m_2709_t7_ecorv,622,AAACC,5756,0.999,yes,0.30300000309944153
744,cc6m_2709_t7_ecorv,751,AAACT,5797,0.311,no,0.3070000112056732
745,cc6m_2709_t7_ecorv,76,AGACT,4698,0.885,no,0.35499998927116394
746,cc6m_2709_t7_ecorv,896,GAACA,5816,0.983,yes,0.3019999861717224
747,cc6m_2709_t7_ecorv,902,TAACT,5796,0.971,yes,0.6330000162124634
748,cc6m_2709_t7_ecorv,936,GGACA,5806,0.991,yes,0.47200000286102295
749,cc6m_2709_t7_ecorv,963,AGACA,5825,0.902,yes,0.2849999964237213
